site,plot,density_category,density_levels,density,cover,mean_shrub_size,proportion_shrub_cover
Carrizo site 3,5,high,3,11,41.364486531837066,17.42533259919242,52.66677684216586
Carrizo site 3,6,medium,2,6,33.09722838428285,24.647430089986894,42.14060145694276
Carrizo site 3,7,low,1,3,18.724991772823923,39.074931155946814,23.841344248566237
Carrizo site 3,8,none,0,0,0,0,0
Carrizo site 4,1,high,3,12,66.70103858395706,30.498033098598732,84.92620140559848
Carrizo site 4,2,medium,2,6,50.02035969064035,57.34634047957715,63.68775107033402
Carrizo site 4,3,low,1,2,9.837975934532775,23.065556507495444,12.526070708597882
Carrizo site 4,4,none,0,0,0,0,0
