site,plot,density_category,density_levels,density,cover,mean_shrub_size
Carrizo site 3,5,high,3,11,41.364486531837066,17.42533259919242
Carrizo site 3,6,medium,2,6,33.09722838428285,24.647430089986894
Carrizo site 3,7,low,1,3,18.724991772823923,39.074931155946814
Carrizo site 3,8,none,0,0,0,0
Carrizo site 4,1,high,3,12,66.70103858395706,30.498033098598732
Carrizo site 4,2,medium,2,6,50.02035969064035,57.34634047957715
Carrizo site 4,3,low,1,2,9.837975934532775,23.065556507495444
Carrizo site 4,4,none,0,0,0,0
